[{"model": "admin.logentry", "pk": 1, "fields": {"action_time": "2022-11-28T09:49:14.898Z", "user": 1, "content_type": 7, "object_id": "1", "object_repr": "Python Learners", "action_flag": 1, "change_message": "[{\"added\": {}}]"}}, {"model": "admin.logentry", "pk": 2, "fields": {"action_time": "2022-11-28T09:50:01.879Z", "user": 1, "content_type": 7, "object_id": "2", "object_repr": "JavaScript Geng", "action_flag": 1, "change_message": "[{\"added\": {}}]"}}, {"model": "admin.logentry", "pk": 3, "fields": {"action_time": "2022-11-28T09:51:20.928Z", "user": 1, "content_type": 7, "object_id": "3", "object_repr": "Data Structures for Interviews", "action_flag": 1, "change_message": "[{\"added\": {}}]"}}, {"model": "admin.logentry", "pk": 4, "fields": {"action_time": "2022-11-28T10:01:10.669Z", "user": 1, "content_type": 7, "object_id": "4", "object_repr": "Design with me", "action_flag": 1, "change_message": "[{\"added\": {}}]"}}, {"model": "admin.logentry", "pk": 5, "fields": {"action_time": "2022-11-28T10:02:03.097Z", "user": 1, "content_type": 7, "object_id": "5", "object_repr": "Cyber girls", "action_flag": 1, "change_message": "[{\"added\": {}}]"}}, {"model": "admin.logentry", "pk": 6, "fields": {"action_time": "2022-11-28T11:16:52.533Z", "user": 1, "content_type": 8, "object_id": "1", "object_repr": "Topic object (1)", "action_flag": 1, "change_message": "[{\"added\": {}}]"}}, {"model": "admin.logentry", "pk": 7, "fields": {"action_time": "2022-11-28T11:17:04.635Z", "user": 1, "content_type": 8, "object_id": "2", "object_repr": "Topic object (2)", "action_flag": 1, "change_message": "[{\"added\": {}}]"}}, {"model": "admin.logentry", "pk": 8, "fields": {"action_time": "2022-11-28T11:17:15.602Z", "user": 1, "content_type": 8, "object_id": "3", "object_repr": "Topic object (3)", "action_flag": 1, "change_message": "[{\"added\": {}}]"}}, {"model": "admin.logentry", "pk": 9, "fields": {"action_time": "2022-11-28T11:18:11.626Z", "user": 1, "content_type": 8, "object_id": "4", "object_repr": "DSA", "action_flag": 1, "change_message": "[{\"added\": {}}]"}}, {"model": "admin.logentry", "pk": 10, "fields": {"action_time": "2022-11-28T11:18:44.380Z", "user": 1, "content_type": 8, "object_id": "5", "object_repr": "Django", "action_flag": 1, "change_message": "[{\"added\": {}}]"}}, {"model": "admin.logentry", "pk": 11, "fields": {"action_time": "2022-11-28T11:19:00.826Z", "user": 1, "content_type": 7, "object_id": "5", "object_repr": "Cyber girls", "action_flag": 2, "change_message": "[{\"changed\": {\"fields\": [\"Host\", \"Topic\"]}}]"}}, {"model": "admin.logentry", "pk": 12, "fields": {"action_time": "2022-11-28T11:19:25.513Z", "user": 1, "content_type": 7, "object_id": "4", "object_repr": "Design with me", "action_flag": 2, "change_message": "[{\"changed\": {\"fields\": [\"Host\", \"Topic\"]}}]"}}, {"model": "admin.logentry", "pk": 13, "fields": {"action_time": "2022-11-28T11:19:36.642Z", "user": 1, "content_type": 7, "object_id": "3", "object_repr": "Data Structures for Interviews", "action_flag": 2, "change_message": "[{\"changed\": {\"fields\": [\"Host\", \"Topic\"]}}]"}}, {"model": "admin.logentry", "pk": 14, "fields": {"action_time": "2022-11-28T11:19:53.642Z", "user": 1, "content_type": 7, "object_id": "2", "object_repr": "JavaScript Geng", "action_flag": 2, "change_message": "[{\"changed\": {\"fields\": [\"Host\", \"Topic\"]}}]"}}, {"model": "admin.logentry", "pk": 15, "fields": {"action_time": "2022-11-28T11:20:08.160Z", "user": 1, "content_type": 7, "object_id": "1", "object_repr": "Python Learners", "action_flag": 2, "change_message": "[{\"changed\": {\"fields\": [\"Host\", \"Topic\"]}}]"}}, {"model": "admin.logentry", "pk": 16, "fields": {"action_time": "2022-11-28T11:20:23.387Z", "user": 1, "content_type": 8, "object_id": "6", "object_repr": "Flask", "action_flag": 1, "change_message": "[{\"added\": {}}]"}}, {"model": "admin.logentry", "pk": 17, "fields": {"action_time": "2022-11-28T11:20:29.952Z", "user": 1, "content_type": 7, "object_id": "1", "object_repr": "Python Learners", "action_flag": 2, "change_message": "[{\"changed\": {\"fields\": [\"Topic\"]}}]"}}, {"model": "admin.logentry", "pk": 18, "fields": {"action_time": "2022-11-28T11:20:49.992Z", "user": 1, "content_type": 8, "object_id": "2", "object_repr": "Django", "action_flag": 3, "change_message": ""}}, {"model": "admin.logentry", "pk": 19, "fields": {"action_time": "2022-11-28T11:21:41.557Z", "user": 1, "content_type": 4, "object_id": "2", "object_repr": "adolwin", "action_flag": 1, "change_message": "[{\"added\": {}}]"}}, {"model": "admin.logentry", "pk": 20, "fields": {"action_time": "2022-11-28T11:22:57.524Z", "user": 1, "content_type": 4, "object_id": "2", "object_repr": "listoweladolwin@gmail.com", "action_flag": 2, "change_message": "[{\"changed\": {\"fields\": [\"Username\", \"First name\", \"Last name\", \"Email address\"]}}]"}}, {"model": "admin.logentry", "pk": 21, "fields": {"action_time": "2022-11-28T11:23:25.075Z", "user": 1, "content_type": 4, "object_id": "2", "object_repr": "Adolwin", "action_flag": 2, "change_message": "[{\"changed\": {\"fields\": [\"Username\"]}}]"}}, {"model": "admin.logentry", "pk": 22, "fields": {"action_time": "2022-11-28T11:23:56.512Z", "user": 1, "content_type": 9, "object_id": "1", "object_repr": "Hey buddies", "action_flag": 1, "change_message": "[{\"added\": {}}]"}}, {"model": "admin.logentry", "pk": 23, "fields": {"action_time": "2022-11-28T11:24:14.272Z", "user": 1, "content_type": 9, "object_id": "2", "object_repr": "Hi there!", "action_flag": 1, "change_message": "[{\"added\": {}}]"}}, {"model": "admin.logentry", "pk": 24, "fields": {"action_time": "2022-11-30T08:31:46.778Z", "user": 1, "content_type": 9, "object_id": "4", "object_repr": "b'csrfmiddlewaretoken=jTV25kncevA4JVOL48jDwSVbB69o", "action_flag": 3, "change_message": ""}}, {"model": "admin.logentry", "pk": 25, "fields": {"action_time": "2022-11-30T08:31:53.615Z", "user": 1, "content_type": 9, "object_id": "3", "object_repr": "b'csrfmiddlewaretoken=0uh8VHhyNhUQCoKM89f44n79vneV", "action_flag": 3, "change_message": ""}}, {"model": "admin.logentry", "pk": 26, "fields": {"action_time": "2022-11-30T09:51:45.746Z", "user": 1, "content_type": 7, "object_id": "6", "object_repr": "Neetcode", "action_flag": 2, "change_message": "[{\"changed\": {\"fields\": [\"Participants\"]}}]"}}, {"model": "admin.logentry", "pk": 27, "fields": {"action_time": "2022-11-30T09:52:02.872Z", "user": 1, "content_type": 7, "object_id": "6", "object_repr": "Neetcode", "action_flag": 2, "change_message": "[{\"changed\": {\"fields\": [\"Participants\"]}}]"}}, {"model": "admin.logentry", "pk": 28, "fields": {"action_time": "2022-11-30T09:52:28.698Z", "user": 1, "content_type": 7, "object_id": "1", "object_repr": "Python Learners", "action_flag": 2, "change_message": "[{\"changed\": {\"fields\": [\"Participants\"]}}]"}}, {"model": "admin.logentry", "pk": 29, "fields": {"action_time": "2022-12-03T00:10:33.556Z", "user": 1, "content_type": 7, "object_id": "10", "object_repr": "Vue lovers", "action_flag": 2, "change_message": "[{\"changed\": {\"fields\": [\"Description\"]}}]"}}, {"model": "admin.logentry", "pk": 30, "fields": {"action_time": "2022-12-03T00:11:15.694Z", "user": 1, "content_type": 7, "object_id": "14", "object_repr": "Flask Gengs", "action_flag": 2, "change_message": "[{\"changed\": {\"fields\": [\"Description\"]}}]"}}, {"model": "admin.logentry", "pk": 31, "fields": {"action_time": "2022-12-06T14:54:26.684Z", "user": 1, "content_type": 4, "object_id": "1", "object_repr": "listo", "action_flag": 2, "change_message": "[{\"changed\": {\"fields\": [\"First name\", \"Last name\"]}}]"}}, {"model": "admin.logentry", "pk": 32, "fields": {"action_time": "2022-12-06T14:54:44.743Z", "user": 1, "content_type": 4, "object_id": "3", "object_repr": "moro", "action_flag": 2, "change_message": "[{\"changed\": {\"fields\": [\"First name\", \"Last name\"]}}]"}}, {"model": "admin.logentry", "pk": 33, "fields": {"action_time": "2022-12-06T14:55:02.727Z", "user": 1, "content_type": 4, "object_id": "2", "object_repr": "Adolwin", "action_flag": 2, "change_message": "[]"}}, {"model": "admin.logentry", "pk": 34, "fields": {"action_time": "2022-12-07T10:23:35.029Z", "user": 1, "content_type": 4, "object_id": "6", "object_repr": "david", "action_flag": 2, "change_message": "[{\"changed\": {\"fields\": [\"First name\", \"Last name\"]}}]"}}, {"model": "admin.logentry", "pk": 35, "fields": {"action_time": "2022-12-07T10:52:57.451Z", "user": 1, "content_type": 10, "object_id": "1", "object_repr": "david", "action_flag": 1, "change_message": "[{\"added\": {}}]"}}, {"model": "admin.logentry", "pk": 36, "fields": {"action_time": "2022-12-07T11:04:11.833Z", "user": 1, "content_type": 10, "object_id": "1", "object_repr": "david", "action_flag": 2, "change_message": "[]"}}, {"model": "admin.logentry", "pk": 37, "fields": {"action_time": "2022-12-07T11:16:46.172Z", "user": 1, "content_type": 10, "object_id": "1", "object_repr": "david", "action_flag": 2, "change_message": "[{\"changed\": {\"fields\": [\"Avatar\"]}}]"}}, {"model": "admin.logentry", "pk": 38, "fields": {"action_time": "2022-12-07T11:26:47.895Z", "user": 1, "content_type": 10, "object_id": "2", "object_repr": "listo", "action_flag": 1, "change_message": "[{\"added\": {}}]"}}, {"model": "admin.logentry", "pk": 39, "fields": {"action_time": "2022-12-07T11:47:46.239Z", "user": 1, "content_type": 4, "object_id": "5", "object_repr": "listoweladolwin@gmail.com", "action_flag": 2, "change_message": "[{\"changed\": {\"fields\": [\"Username\", \"First name\", \"Last name\"]}}]"}}, {"model": "admin.logentry", "pk": 40, "fields": {"action_time": "2022-12-07T11:48:42.498Z", "user": 1, "content_type": 4, "object_id": "5", "object_repr": "abanga", "action_flag": 2, "change_message": "[{\"changed\": {\"fields\": [\"Username\"]}}]"}}, {"model": "admin.logentry", "pk": 41, "fields": {"action_time": "2022-12-07T15:36:44.600Z", "user": 1, "content_type": 4, "object_id": "1", "object_repr": "listo", "action_flag": 2, "change_message": "[{\"changed\": {\"fields\": [\"First name\"]}}]"}}, {"model": "admin.logentry", "pk": 42, "fields": {"action_time": "2022-12-08T17:15:14.500Z", "user": 1, "content_type": 4, "object_id": "1", "object_repr": "listo", "action_flag": 2, "change_message": "[{\"changed\": {\"fields\": [\"First name\"]}}]"}}, {"model": "auth.permission", "pk": 1, "fields": {"name": "Can add log entry", "content_type": 1, "codename": "add_logentry"}}, {"model": "auth.permission", "pk": 2, "fields": {"name": "Can change log entry", "content_type": 1, "codename": "change_logentry"}}, {"model": "auth.permission", "pk": 3, "fields": {"name": "Can delete log entry", "content_type": 1, "codename": "delete_logentry"}}, {"model": "auth.permission", "pk": 4, "fields": {"name": "Can view log entry", "content_type": 1, "codename": "view_logentry"}}, {"model": "auth.permission", "pk": 5, "fields": {"name": "Can add permission", "content_type": 2, "codename": "add_permission"}}, {"model": "auth.permission", "pk": 6, "fields": {"name": "Can change permission", "content_type": 2, "codename": "change_permission"}}, {"model": "auth.permission", "pk": 7, "fields": {"name": "Can delete permission", "content_type": 2, "codename": "delete_permission"}}, {"model": "auth.permission", "pk": 8, "fields": {"name": "Can view permission", "content_type": 2, "codename": "view_permission"}}, {"model": "auth.permission", "pk": 9, "fields": {"name": "Can add group", "content_type": 3, "codename": "add_group"}}, {"model": "auth.permission", "pk": 10, "fields": {"name": "Can change group", "content_type": 3, "codename": "change_group"}}, {"model": "auth.permission", "pk": 11, "fields": {"name": "Can delete group", "content_type": 3, "codename": "delete_group"}}, {"model": "auth.permission", "pk": 12, "fields": {"name": "Can view group", "content_type": 3, "codename": "view_group"}}, {"model": "auth.permission", "pk": 13, "fields": {"name": "Can add user", "content_type": 4, "codename": "add_user"}}, {"model": "auth.permission", "pk": 14, "fields": {"name": "Can change user", "content_type": 4, "codename": "change_user"}}, {"model": "auth.permission", "pk": 15, "fields": {"name": "Can delete user", "content_type": 4, "codename": "delete_user"}}, {"model": "auth.permission", "pk": 16, "fields": {"name": "Can view user", "content_type": 4, "codename": "view_user"}}, {"model": "auth.permission", "pk": 17, "fields": {"name": "Can add content type", "content_type": 5, "codename": "add_contenttype"}}, {"model": "auth.permission", "pk": 18, "fields": {"name": "Can change content type", "content_type": 5, "codename": "change_contenttype"}}, {"model": "auth.permission", "pk": 19, "fields": {"name": "Can delete content type", "content_type": 5, "codename": "delete_contenttype"}}, {"model": "auth.permission", "pk": 20, "fields": {"name": "Can view content type", "content_type": 5, "codename": "view_contenttype"}}, {"model": "auth.permission", "pk": 21, "fields": {"name": "Can add session", "content_type": 6, "codename": "add_session"}}, {"model": "auth.permission", "pk": 22, "fields": {"name": "Can change session", "content_type": 6, "codename": "change_session"}}, {"model": "auth.permission", "pk": 23, "fields": {"name": "Can delete session", "content_type": 6, "codename": "delete_session"}}, {"model": "auth.permission", "pk": 24, "fields": {"name": "Can view session", "content_type": 6, "codename": "view_session"}}, {"model": "auth.permission", "pk": 25, "fields": {"name": "Can add room", "content_type": 7, "codename": "add_room"}}, {"model": "auth.permission", "pk": 26, "fields": {"name": "Can change room", "content_type": 7, "codename": "change_room"}}, {"model": "auth.permission", "pk": 27, "fields": {"name": "Can delete room", "content_type": 7, "codename": "delete_room"}}, {"model": "auth.permission", "pk": 28, "fields": {"name": "Can view room", "content_type": 7, "codename": "view_room"}}, {"model": "auth.permission", "pk": 29, "fields": {"name": "Can add topic", "content_type": 8, "codename": "add_topic"}}, {"model": "auth.permission", "pk": 30, "fields": {"name": "Can change topic", "content_type": 8, "codename": "change_topic"}}, {"model": "auth.permission", "pk": 31, "fields": {"name": "Can delete topic", "content_type": 8, "codename": "delete_topic"}}, {"model": "auth.permission", "pk": 32, "fields": {"name": "Can view topic", "content_type": 8, "codename": "view_topic"}}, {"model": "auth.permission", "pk": 33, "fields": {"name": "Can add message", "content_type": 9, "codename": "add_message"}}, {"model": "auth.permission", "pk": 34, "fields": {"name": "Can change message", "content_type": 9, "codename": "change_message"}}, {"model": "auth.permission", "pk": 35, "fields": {"name": "Can delete message", "content_type": 9, "codename": "delete_message"}}, {"model": "auth.permission", "pk": 36, "fields": {"name": "Can view message", "content_type": 9, "codename": "view_message"}}, {"model": "auth.permission", "pk": 37, "fields": {"name": "Can add profile", "content_type": 10, "codename": "add_profile"}}, {"model": "auth.permission", "pk": 38, "fields": {"name": "Can change profile", "content_type": 10, "codename": "change_profile"}}, {"model": "auth.permission", "pk": 39, "fields": {"name": "Can delete profile", "content_type": 10, "codename": "delete_profile"}}, {"model": "auth.permission", "pk": 40, "fields": {"name": "Can view profile", "content_type": 10, "codename": "view_profile"}}, {"model": "auth.user", "pk": 1, "fields": {"password": "pbkdf2_sha256$390000$ZiVBGAb9B7qsNR1IgvUmC2$X2RAZAAdyebKF0avBOHCoSn5oZsBF/howPFreICCVQQ=", "last_login": "2022-12-15T14:23:42.807Z", "is_superuser": true, "username": "listo", "first_name": "Listowel", "last_name": "Adolwin", "email": "listoweladolwin@gmail.com", "is_staff": true, "is_active": true, "date_joined": "2022-11-28T09:43:19Z", "groups": [], "user_permissions": []}}, {"model": "auth.user", "pk": 2, "fields": {"password": "pbkdf2_sha256$390000$ounMmqkBT1a3CiX9f4Ud8e$IJ+kbG02iBuqD5jNqpwwPpFPZfrV8Ji6wUc3P3MSqmI=", "last_login": null, "is_superuser": false, "username": "Adolwin", "first_name": "Adolwin", "last_name": "Moro", "email": "listowelmoro0@gmail.com", "is_staff": false, "is_active": true, "date_joined": "2022-11-28T11:21:41Z", "groups": [], "user_permissions": []}}, {"model": "auth.user", "pk": 3, "fields": {"password": "pbkdf2_sha256$390000$e6sjaR0Zie3LTDq0G3G1AD$h+QbkYuxsIuVATAcDjnji4Q5FYKm01i0NIvNz1o1qvo=", "last_login": "2022-12-03T00:09:07Z", "is_superuser": false, "username": "moro", "first_name": "Moro", "last_name": "Bia", "email": "", "is_staff": false, "is_active": true, "date_joined": "2022-11-29T18:28:50Z", "groups": [], "user_permissions": []}}, {"model": "auth.user", "pk": 4, "fields": {"password": "pbkdf2_sha256$390000$QG63Jt3Sn4Bdxeq59v85IZ$ad1mrJt2UfyqWQU+OSGC2ImAkEuLITZmxv7+mP/ym5c=", "last_login": "2022-12-01T07:03:47.441Z", "is_superuser": false, "username": "chan", "first_name": "", "last_name": "", "email": "", "is_staff": false, "is_active": true, "date_joined": "2022-11-30T12:49:28.288Z", "groups": [], "user_permissions": []}}, {"model": "auth.user", "pk": 5, "fields": {"password": "pbkdf2_sha256$390000$WyanzKOMw2gWtHrdkYpUze$w0fQ77yLvkLgs2tC9fiOOHi7nhvRMTJsc2opORsHt04=", "last_login": "2022-12-09T13:00:13.938Z", "is_superuser": false, "username": "abanga", "first_name": "Abanga", "last_name": "Moro", "email": "", "is_staff": false, "is_active": true, "date_joined": "2022-12-02T14:40:50Z", "groups": [], "user_permissions": []}}, {"model": "auth.user", "pk": 6, "fields": {"password": "pbkdf2_sha256$390000$kVa220Q1oZYrT3ZCAy8f8G$nZqy4+EdpWbCTS5UUyRTBTpWgvMqQor3sAmPRFeiJeo=", "last_login": "2022-12-15T15:50:34.701Z", "is_superuser": false, "username": "david", "first_name": "Thyword", "last_name": "David", "email": "", "is_staff": false, "is_active": true, "date_joined": "2022-12-06T09:44:12Z", "groups": [], "user_permissions": []}}, {"model": "auth.user", "pk": 7, "fields": {"password": "pbkdf2_sha256$390000$4eLeBwFfoLRbLYSVQXSlK6$I6emKYCk6/gnhkYWMjh5deokdQg69aM1hlA76CfDalA=", "last_login": "2022-12-06T17:06:31.497Z", "is_superuser": false, "username": "sheriflex", "first_name": "Hakim", "last_name": "Atiah", "email": "hakimatiah@gmail.com", "is_staff": false, "is_active": true, "date_joined": "2022-12-06T15:06:11.719Z", "groups": [], "user_permissions": []}}, {"model": "auth.user", "pk": 8, "fields": {"password": "pbkdf2_sha256$390000$GoDDH2a9hPFpBlqQgmImmM$cort+G4xj+lsv8OCjDtyZjN/NFMzFU75PDa8miO8hP0=", "last_login": "2022-12-07T13:55:05.696Z", "is_superuser": false, "username": "onecan", "first_name": "One Can", "last_name": "Moses", "email": "onecan@gmail.com", "is_staff": false, "is_active": true, "date_joined": "2022-12-07T13:26:58.140Z", "groups": [], "user_permissions": []}}, {"model": "auth.user", "pk": 9, "fields": {"password": "pbkdf2_sha256$390000$7OOx9PrzG60ITyBzAMl4AR$f2mHzINye2lTTqfKz4xV05hUWWxPGvKrdkg/PfuHiSA=", "last_login": "2022-12-07T14:17:34.189Z", "is_superuser": false, "username": "elspeth", "first_name": "Elspeth", "last_name": "Bloomberg", "email": "elspeth@bloomberg.com", "is_staff": false, "is_active": true, "date_joined": "2022-12-07T14:14:58.760Z", "groups": [], "user_permissions": []}}, {"model": "auth.user", "pk": 10, "fields": {"password": "pbkdf2_sha256$390000$1WYEs2Qt5ydn3aBwqnqeQV$MwlHrmM3fFC5LwCVgm9+otbG9OxeGkeUN9EzOMzbbIM=", "last_login": null, "is_superuser": false, "username": "jayew", "first_name": "Jordan", "last_name": "Ayew", "email": "jayew@gmail.com", "is_staff": false, "is_active": true, "date_joined": "2022-12-09T11:59:40.265Z", "groups": [], "user_permissions": []}}, {"model": "auth.user", "pk": 11, "fields": {"password": "pbkdf2_sha256$390000$35vlu9r0IHQ8g6w0uXpie3$cXpvwBK/3yIIFgE1gRSsPfSxk+i57sfMnetlRCeCNsI=", "last_login": "2022-12-09T12:14:28.045Z", "is_superuser": false, "username": "jordan", "first_name": "Jordan", "last_name": "Ayew", "email": "jordan@yahoo.com", "is_staff": false, "is_active": true, "date_joined": "2022-12-09T12:04:05.889Z", "groups": [], "user_permissions": []}}, {"model": "contenttypes.contenttype", "pk": 1, "fields": {"app_label": "admin", "model": "logentry"}}, {"model": "contenttypes.contenttype", "pk": 2, "fields": {"app_label": "auth", "model": "permission"}}, {"model": "contenttypes.contenttype", "pk": 3, "fields": {"app_label": "auth", "model": "group"}}, {"model": "contenttypes.contenttype", "pk": 4, "fields": {"app_label": "auth", "model": "user"}}, {"model": "contenttypes.contenttype", "pk": 5, "fields": {"app_label": "contenttypes", "model": "contenttype"}}, {"model": "contenttypes.contenttype", "pk": 6, "fields": {"app_label": "sessions", "model": "session"}}, {"model": "contenttypes.contenttype", "pk": 7, "fields": {"app_label": "baseapp", "model": "room"}}, {"model": "contenttypes.contenttype", "pk": 8, "fields": {"app_label": "baseapp", "model": "topic"}}, {"model": "contenttypes.contenttype", "pk": 9, "fields": {"app_label": "baseapp", "model": "message"}}, {"model": "contenttypes.contenttype", "pk": 10, "fields": {"app_label": "baseapp", "model": "profile"}}, {"model": "sessions.session", "pk": "slvvpv1qesw7i21o9dproz91x52z9bnm", "fields": {"session_data": ".eJxVjDsOwjAQBe_iGlmr2N7NUtJzBmv9CQ4gW4qTCnF3iJQC2jcz76W8bGvxW8-Ln5M6K1Sn3y1IfOS6g3SXems6trouc9C7og_a9bWl_Lwc7t9BkV6-NbiRUGgyxMYgWqY4ZINiLQjThCycouMgGV0kE2iwFoHROHAAaVTvD7YENnU:1p5qVG:TtN_-NiNbVnsasmFNJTkUYykLY7w-br-sqY2LnN6b8k", "expire_date": "2022-12-29T15:50:34.939Z"}}, {"model": "baseapp.topic", "pk": 1, "fields": {"name": "Python"}}, {"model": "baseapp.topic", "pk": 3, "fields": {"name": "Web Dev"}}, {"model": "baseapp.topic", "pk": 4, "fields": {"name": "DSA"}}, {"model": "baseapp.topic", "pk": 5, "fields": {"name": "Django"}}, {"model": "baseapp.topic", "pk": 6, "fields": {"name": "Flask"}}, {"model": "baseapp.topic", "pk": 7, "fields": {"name": "UI/UX"}}, {"model": "baseapp.topic", "pk": 8, "fields": {"name": "Bootstrap"}}, {"model": "baseapp.topic", "pk": 9, "fields": {"name": "Bootstrap 5"}}, {"model": "baseapp.topic", "pk": 10, "fields": {"name": "Internship"}}, {"model": "baseapp.topic", "pk": 11, "fields": {"name": "New"}}, {"model": "baseapp.room", "pk": 1, "fields": {"host": 1, "topic": 6, "name": "Python Learners", "description": "We are a group of Python enthusiasts.\r\nCome join us let us learn Python together.\r\nThe way forward!\r\nFor the time being, we are focussing on Flask.\r\nYes, flask is a great framework", "created": "2022-12-03", "updated": "2022-11-28T09:49:14.896Z", "participants": [1, 2, 3]}}, {"model": "baseapp.room", "pk": 2, "fields": {"host": 1, "topic": 3, "name": "JavaScript Geng", "description": "Yo man, we living with JS.\r\nWanna hop in?\r\nYou welcome", "created": "2022-11-29", "updated": "2022-11-28T09:50:01.878Z", "participants": [1]}}, {"model": "baseapp.room", "pk": 3, "fields": {"host": 1, "topic": 4, "name": "Data Structures for Interviews", "description": "We know what it is learn to begin to learn data structures.", "created": "2022-11-29", "updated": "2022-11-28T09:51:20.926Z", "participants": []}}, {"model": "baseapp.room", "pk": 4, "fields": {"host": 1, "topic": 1, "name": "Design Squad", "description": "A fan of UI?\r\nGreat news for you.\r\nCome let's grow together", "created": "2022-11-29", "updated": "2022-11-28T10:01:10.667Z", "participants": [1]}}, {"model": "baseapp.room", "pk": 5, "fields": {"host": 1, "topic": 5, "name": "Cyber girls", "description": "Hey girrrlls.\r\nCome over, come over.\r\nIt is that time again where we meet to learn\r\na thing in Django. It is one of the sort after skills.\r\nLet's take advantage of that.", "created": "2022-12-03", "updated": "2022-11-28T10:02:03.096Z", "participants": []}}, {"model": "baseapp.room", "pk": 6, "fields": {"host": 2, "topic": 4, "name": "Neetcode", "description": "Let's gather here and practice some more neetcode", "created": "2022-11-30", "updated": "2022-11-28T18:30:43.381Z", "participants": [1, 3, 4]}}, {"model": "baseapp.room", "pk": 7, "fields": {"host": 2, "topic": 3, "name": "Let's learn React", "description": "In this room, we help one another learn react till we become gurus in the game.\r\n.", "created": "2022-11-29", "updated": "2022-11-28T18:40:15.643Z", "participants": [1, 4]}}, {"model": "baseapp.room", "pk": 10, "fields": {"host": 2, "topic": 3, "name": "Vue lovers", "description": "Vue.js is an open-source model–view–viewmodel front end JavaScript framework for building user interfaces and single-page applications. It was created by Evan You, and is maintained by him and the rest of the active core team", "created": "2022-12-03", "updated": "2022-11-29T12:32:41.158Z", "participants": [1]}}, {"model": "baseapp.room", "pk": 12, "fields": {"host": 1, "topic": 4, "name": "Hackerrankers", "description": "A group for hackerrank grinders.\r\nLooking to up your data structures?\r\nYou are at the right place. Join us.\r\nWe hold daily mock interview where you get\r\nto access yourself before interviews.", "created": "2022-12-02", "updated": "2022-12-01T10:26:09.817Z", "participants": [1]}}, {"model": "baseapp.room", "pk": 13, "fields": {"host": 1, "topic": 5, "name": "Quick Django", "description": "Learn django fast with us\r\nDjango is an awesome framework as sited earlier.\r\nWanna upskill yourself? Then join us here.\r\nWe hold weekly sessions where we update one another\r\nabout our progress", "created": "2022-12-02", "updated": "2022-12-01T12:13:52.356Z", "participants": [1, 3, 5]}}, {"model": "baseapp.room", "pk": 14, "fields": {"host": 5, "topic": 6, "name": "Flask Gengs", "description": "Flask is a micro web framework written in Python. It is classified as a microframework because it does not require particular tools or libraries. It has no database abstraction layer, form validation, or any other components where pre-existing third-party libraries provide common functions", "created": "2022-12-03", "updated": "2022-12-02T14:46:25.818Z", "participants": [1, 3, 5]}}, {"model": "baseapp.room", "pk": 15, "fields": {"host": 1, "topic": 1, "name": "React Natives", "description": "React Native is an open-source UI software framework created by Meta Platforms, Inc. It is used to develop applications for Android, Android TV, iOS, macOS, tvOS, Web, Windows and UWP by enabling developers to use the React framework along with native platform capabilities.", "created": "2022-12-03", "updated": "2022-12-03T17:03:50.962Z", "participants": [1, 6, 7]}}, {"model": "baseapp.room", "pk": 17, "fields": {"host": 1, "topic": 1, "name": "The Designers", "description": "Systems design interfaces, and data for an electronic control system to satisfy specified requirements. System design could be seen as the application of system theory to product development. There is some overlap with the disciplines of system analysis, system architecture and system engineering.", "created": "2022-12-03", "updated": "2022-12-03T17:06:20.840Z", "participants": [1]}}, {"model": "baseapp.room", "pk": 18, "fields": {"host": 1, "topic": 7, "name": "Design Challenge", "description": "\r\nImage result for ui ux design\r\nUI refers to the screens, buttons, toggles, icons, and other visual elements that you interact with when using a website, app, or other electronic device. UX refers to the entire interaction you have with a product, including how you feel about the interactions", "created": "2022-12-07", "updated": "2022-12-03T17:11:21.867Z", "participants": [7, 11]}}, {"model": "baseapp.room", "pk": 19, "fields": {"host": 1, "topic": 9, "name": "Bootstrap 5 Beginners", "description": "Bootstrap 5 is a free and open-source CSS framework directed at responsive, mobile-first front-end web development. It contains HTML, CSS and JavaScript-based design templates for typography, forms, buttons, navigation, and other interface component.", "created": "2022-12-06", "updated": "2022-12-03T17:29:57.325Z", "participants": [1, 8, 9]}}, {"model": "baseapp.room", "pk": 20, "fields": {"host": 9, "topic": 10, "name": "Bloomberg Intership", "description": "Duration and departments for our summer internship program vary from region to region.  Some opportunities range from six to ten weeks or some can span up to six months.  Winternships are also available in select departments.  Depending on the city, we offer internships in the following functional areas", "created": "2022-12-07", "updated": "2022-12-07T14:33:42.178Z", "participants": [1]}}, {"model": "baseapp.room", "pk": 21, "fields": {"host": 1, "topic": 5, "name": "Django Seniors", "description": "“Difficult to make even small changes”\r\n“Breaking functionality of the software by making changes”\r\n“Introducing a new bug by fixing another one”\r\n“Implementing code that is unnecessary”\r\n“Almost impossible to add a new feature because of complicated code”\r\n“The never-shipping product”.\r\nJoin Us", "created": "2022-12-08", "updated": "2022-12-08T10:29:05.678Z", "participants": [1]}}, {"model": "baseapp.room", "pk": 22, "fields": {"host": 1, "topic": 7, "name": "Designer Challenge", "description": "We are a group of designers. We have an upcoming design challenge. \r\nWinner gets a premium figma, Sketch, and Invision Studio accounts.\r\nIt this interests you, come join us.", "created": "2022-12-11", "updated": "2022-12-09T09:12:27.501Z", "participants": [1, 6]}}, {"model": "baseapp.message", "pk": 1, "fields": {"user": 2, "room": 1, "body": "Hey buddies", "created": "2022-11-28", "updated": "2022-11-28T11:23:56.500Z"}}, {"model": "baseapp.message", "pk": 2, "fields": {"user": 1, "room": 1, "body": "Hi there!", "created": "2022-11-28", "updated": "2022-11-28T11:24:14.271Z"}}, {"model": "baseapp.message", "pk": 6, "fields": {"user": 1, "room": 1, "body": "Now, you are back", "created": "2022-11-30", "updated": "2022-11-30T08:29:10.511Z"}}, {"model": "baseapp.message", "pk": 9, "fields": {"user": 1, "room": 1, "body": "Now, everything works! Yayyy", "created": "2022-11-30", "updated": "2022-11-30T09:04:01.962Z"}}, {"model": "baseapp.message", "pk": 10, "fields": {"user": 1, "room": 7, "body": "Hey buddies, wake up", "created": "2022-11-30", "updated": "2022-11-30T09:26:17.725Z"}}, {"model": "baseapp.message", "pk": 11, "fields": {"user": 1, "room": 7, "body": "Time to evaluate. Share your progress", "created": "2022-11-30", "updated": "2022-11-30T09:26:38.212Z"}}, {"model": "baseapp.message", "pk": 13, "fields": {"user": 1, "room": 7, "body": "Hey guys", "created": "2022-11-30", "updated": "2022-11-30T10:02:26.171Z"}}, {"model": "baseapp.message", "pk": 16, "fields": {"user": 1, "room": 4, "body": "Guys, wake up!", "created": "2022-11-30", "updated": "2022-11-30T11:12:59.068Z"}}, {"model": "baseapp.message", "pk": 17, "fields": {"user": 4, "room": 6, "body": "Guys, I am backkkk!", "created": "2022-11-30", "updated": "2022-11-30T12:50:22.711Z"}}, {"model": "baseapp.message", "pk": 18, "fields": {"user": 4, "room": 7, "body": "Oh relax, I am here la", "created": "2022-11-30", "updated": "2022-11-30T12:50:51.555Z"}}, {"model": "baseapp.message", "pk": 19, "fields": {"user": 1, "room": 12, "body": "Hello guys, I have an upcoming tiktok oa.\r\nWhat do you sugest i learn?", "created": "2022-12-01", "updated": "2022-12-01T10:26:49.124Z"}}, {"model": "baseapp.message", "pk": 20, "fields": {"user": 1, "room": 6, "body": "sup guys", "created": "2022-12-02", "updated": "2022-12-02T13:35:22.512Z"}}, {"model": "baseapp.message", "pk": 21, "fields": {"user": 1, "room": 13, "body": "Why the place soo quite?", "created": "2022-12-02", "updated": "2022-12-02T14:11:03.685Z"}}, {"model": "baseapp.message", "pk": 22, "fields": {"user": 1, "room": 13, "body": "Ei, airing paa nie", "created": "2022-12-02", "updated": "2022-12-02T14:31:03.952Z"}}, {"model": "baseapp.message", "pk": 23, "fields": {"user": 1, "room": 13, "body": "Okay guys, I am tired of you", "created": "2022-12-02", "updated": "2022-12-02T14:31:17.445Z"}}, {"model": "baseapp.message", "pk": 24, "fields": {"user": 1, "room": 13, "body": "Adey go join different room", "created": "2022-12-02", "updated": "2022-12-02T14:31:32.775Z"}}, {"model": "baseapp.message", "pk": 25, "fields": {"user": 1, "room": 13, "body": "Alright, not again, I am sorry, realized i need you guys so much", "created": "2022-12-02", "updated": "2022-12-02T14:32:03.858Z"}}, {"model": "baseapp.message", "pk": 27, "fields": {"user": 3, "room": 13, "body": "Oh naa, Listo, don't be a drama queen", "created": "2022-12-02", "updated": "2022-12-02T14:38:57.442Z"}}, {"model": "baseapp.message", "pk": 28, "fields": {"user": 5, "room": 13, "body": "I just joined. Show me some around", "created": "2022-12-02", "updated": "2022-12-02T14:41:22.817Z"}}, {"model": "baseapp.message", "pk": 29, "fields": {"user": 5, "room": 13, "body": "yo, yo, here no be facebook. you for dey gee. It is all about django. Post your projects let's check them out", "created": "2022-12-02", "updated": "2022-12-02T14:42:17.429Z"}}, {"model": "baseapp.message", "pk": 30, "fields": {"user": 5, "room": 14, "body": "Ok, i get it, everyone wants to learn Django but can you mind me for a sec?", "created": "2022-12-02", "updated": "2022-12-02T19:36:40.297Z"}}, {"model": "baseapp.message", "pk": 31, "fields": {"user": 5, "room": 14, "body": "lmao", "created": "2022-12-02", "updated": "2022-12-02T19:37:02.246Z"}}, {"model": "baseapp.message", "pk": 32, "fields": {"user": 5, "room": 14, "body": "We are sorry. I just did not notice you", "created": "2022-12-02", "updated": "2022-12-02T19:37:21.493Z"}}, {"model": "baseapp.message", "pk": 33, "fields": {"user": 3, "room": 14, "body": "Hey, hey, don't start that", "created": "2022-12-02", "updated": "2022-12-02T19:38:11.199Z"}}, {"model": "baseapp.message", "pk": 35, "fields": {"user": 1, "room": 19, "body": "Hey hey hey", "created": "2022-12-06", "updated": "2022-12-06T09:22:07.839Z"}}, {"model": "baseapp.message", "pk": 36, "fields": {"user": 6, "room": 15, "body": "Guys", "created": "2022-12-06", "updated": "2022-12-06T09:44:39.038Z"}}, {"model": "baseapp.message", "pk": 37, "fields": {"user": 7, "room": 15, "body": "Yeah, chairman", "created": "2022-12-06", "updated": "2022-12-06T15:09:04.782Z"}}, {"model": "baseapp.message", "pk": 38, "fields": {"user": 7, "room": 15, "body": "what's up?", "created": "2022-12-06", "updated": "2022-12-06T15:09:16.821Z"}}, {"model": "baseapp.message", "pk": 39, "fields": {"user": 7, "room": 15, "body": "", "created": "2022-12-06", "updated": "2022-12-06T15:19:55.553Z"}}, {"model": "baseapp.message", "pk": 40, "fields": {"user": 7, "room": 15, "body": "Hello once again", "created": "2022-12-06", "updated": "2022-12-06T15:20:55.853Z"}}, {"model": "baseapp.message", "pk": 41, "fields": {"user": 7, "room": 15, "body": "Celebration. Now, you can just hit enter to send a message. Hugeee update", "created": "2022-12-06", "updated": "2022-12-06T15:26:18.564Z"}}, {"model": "baseapp.message", "pk": 42, "fields": {"user": 7, "room": 18, "body": "what's up fellow designers?", "created": "2022-12-06", "updated": "2022-12-06T17:07:19.335Z"}}, {"model": "baseapp.message", "pk": 43, "fields": {"user": 7, "room": 18, "body": "How's going?", "created": "2022-12-06", "updated": "2022-12-06T17:07:29.169Z"}}, {"model": "baseapp.message", "pk": 44, "fields": {"user": 8, "room": 19, "body": "yeah", "created": "2022-12-07", "updated": "2022-12-07T13:55:28.047Z"}}, {"model": "baseapp.message", "pk": 45, "fields": {"user": 9, "room": 19, "body": "Hello boys, I am a recruiter at Bloomberg.", "created": "2022-12-07", "updated": "2022-12-07T14:18:36.992Z"}}, {"model": "baseapp.message", "pk": 46, "fields": {"user": 9, "room": 19, "body": "Nice to connect to all of you. Will to giving y'all referrals", "created": "2022-12-07", "updated": "2022-12-07T14:19:05.111Z"}}, {"model": "baseapp.message", "pk": 47, "fields": {"user": 11, "room": 18, "body": "I am cool here. You?", "created": "2022-12-09", "updated": "2022-12-09T12:25:35.036Z"}}, {"model": "baseapp.message", "pk": 49, "fields": {"user": 1, "room": 22, "body": "Please I need a little help", "created": "2022-12-10", "updated": "2022-12-10T14:00:02.662Z"}}, {"model": "baseapp.message", "pk": 51, "fields": {"user": 1, "room": 22, "body": "Hey", "created": "2022-12-10", "updated": "2022-12-10T22:05:42.186Z"}}, {"model": "baseapp.message", "pk": 52, "fields": {"user": 1, "room": 22, "body": "Hello everyone", "created": "2022-12-10", "updated": "2022-12-10T22:09:44.960Z"}}, {"model": "baseapp.message", "pk": 53, "fields": {"user": 1, "room": 22, "body": "How's going?", "created": "2022-12-11", "updated": "2022-12-11T08:55:06.670Z"}}, {"model": "baseapp.message", "pk": 54, "fields": {"user": 1, "room": 17, "body": "Hey, Designers", "created": "2022-12-11", "updated": "2022-12-11T12:35:54.893Z"}}, {"model": "baseapp.message", "pk": 55, "fields": {"user": 6, "room": 15, "body": "Hi there, everyone", "created": "2022-12-12", "updated": "2022-12-12T12:18:48.041Z"}}, {"model": "baseapp.message", "pk": 56, "fields": {"user": 6, "room": 15, "body": "React Native is an open-source UI software framework created by Meta Platforms, Inc. It is used to develop applications for Android, Android TV, iOS, macOS, tvOS, Web, Windows and UWP by enabling developers to use the React framework along with native platform capabilities.", "created": "2022-12-12", "updated": "2022-12-12T12:50:15.598Z"}}, {"model": "baseapp.message", "pk": 58, "fields": {"user": 6, "room": 15, "body": "Hey there everyone. i am very happy right now.", "created": "2022-12-12", "updated": "2022-12-12T12:58:51.187Z"}}, {"model": "baseapp.message", "pk": 61, "fields": {"user": 1, "room": 10, "body": "Hello", "created": "2022-12-12", "updated": "2022-12-12T19:10:51.266Z"}}, {"model": "baseapp.message", "pk": 62, "fields": {"user": 1, "room": 21, "body": "Hi there", "created": "2022-12-14", "updated": "2022-12-14T13:42:12.615Z"}}, {"model": "baseapp.profile", "pk": 1, "fields": {"user": 6, "first_name": "Thyword", "last_name": "David", "avatar": "profile_images/pf4_2rGqX2k.jpg", "bio": "Flutter Developer\r\nStudent @KNUST", "bookmarks": [49, 51, 53, 62]}}, {"model": "baseapp.profile", "pk": 2, "fields": {"user": 1, "first_name": "Listowel", "last_name": "Adolwin", "avatar": "profile_images/my_picc.jpg", "bio": "CS Student @KNUST\r\nAspiring Software Engineer", "bookmarks": [19, 37, 40, 41, 45, 53, 55, 56]}}, {"model": "baseapp.profile", "pk": 3, "fields": {"user": 9, "first_name": "Els", "last_name": "Bloomberg", "avatar": "default_avatar.jpg", "bio": "Software Engineer @Bloomberg\r\nRecruiter\r\nDeveloper Advocate", "bookmarks": []}}, {"model": "baseapp.profile", "pk": 4, "fields": {"user": 11, "first_name": "Jordan", "last_name": "Ayew", "avatar": "default_avatar.jpg", "bio": "I love you, okay?", "bookmarks": []}}]